
<Document>
  <app>
    <AF06>00000000000000000000000000000000</AF06> <!--Application Identifier(AID)–terminal-->
    <AF2A>0208</AF2A> <!--Transaction Currency Code-->
    <AF36>00</AF36> <!--Transaction Currency Exponent-->
    <AF01>000000000000</AF01> <!--Acquirer Identifier-->
    <AF09>0096</AF09> <!--Application Version Number-->
    <AF15>0000</AF15> <!--Merchant Category Code-->
    <AF16>000000000000000000000000000000</AF16> <!--Merchant Identifier，add 0x00 if the digits is not enough-->
    <AF1A>0208</AF1A> <!--Terminal Country Code-->
    <AF1B>00000000</AF1B> <!--Terminal Floor Limit-->
    <AF1C>0000000000000000</AF1C> <!--Terminal Identification-->
    <AF1E>0000000000000000</AF1E> <!--Interface Device (IFD) Serial Number-->
    <AF33>E0F8C8</AF33> <!--Terminal Capabilities-->
    <AF35>22</AF35> <!--Terminal Type-->
    <AF39>00</AF39> <!--Point-of-Service (POS) Entry Mode-->
    <AF3C>0208</AF3C> <!--Transaction Reference Currency Code-->
    <AF3D>00</AF3D> <!--Application Reference Currency-->
    <AF40>F000F0A001</AF40> <!--Additional Terminal Capabilities-->
    <AF4E></AF4E> <!--Merchant Name and Location，add 0x00 if the digits is not enough-->
    <AF66>36C04000</AF66> <!--Terminal Default Transaction Qualifiers-->
    <AF73>000000</AF73> <!--Currency Conversion Factor-->
    <AF7B>000000001388</AF7B> <!--Electronic Cash Terminal Transaction Limit-->
    <DF01>01</DF01> <!--Application Selection Indicator-->
    <DF11>0000000000</DF11> <!--TAC Default-->
    <DF12>0000000000</DF12> <!--TAC Online-->
    <DF13>0000000000</DF13> <!--TAC Denial-->
    <DF14></DF14> <!--Default DDOL-->
    <DF15>00000000</DF15> <!--Threshold Value BiasedRandom Selection-->
    <DF16>00</DF16> <!--Maximum Target Percentage to be used for Biased Random Selection-->
    <DF17>00</DF17> <!--Target Percentage to be Used for Random Selection-->
    <DF19>000000001388</DF19> <!--Terminal Contactless Offline Floor Limit-->
    <DF20>999999999999</DF20> <!--Terminal Contactless Transaction Limit-->
    <DF21>000000000000</DF21> <!--Terminal Execute Cvm Limit-->
    <DF72>F4F0F0FAAFFE8000</DF72> <!--ICS-->
    <DF73>01</DF73> <!--Status-->
    <DF74>0F</DF74> <!--Identity Of Each Limit Exist-->
    <DF75>01</DF75> <!--Terminal Status Check，Default value = 0-->
    <DF76></DF76> <!--Default Tdol-->
    <DF78>000000000000</DF78> <!--Contactless CVM Required limit-->
    <DF79>E0F8C8</DF79> <!--Contactless Terminal Capabilities-->
    <DF7A>F000F0A001</DF7A> <!--Contactless Additional Terminal Capabilities-->
  </app>

  <app>
    <AF06>A0000000031010</AF06> <!--Application Identifier(AID)–terminal-->
    <AF2A>0208</AF2A> <!--Transaction Currency Code-->
    <AF36>00</AF36> <!--Transaction Currency Exponent-->
    <AF01>001234567890</AF01> <!--Acquirer Identifier-->
    <AF09>0096</AF09> <!--Application Version Number-->
    <AF15>1234</AF15> <!--Merchant Category Code-->
    <AF16>4243544553543132333435363738</AF16> <!--Merchant Identifier，add 0x00 if the digits is not enough-->
    <AF1A>0208</AF1A> <!--Terminal Country Code-->
    <AF1B>00000000</AF1B> <!--Terminal Floor Limit-->
    <AF1C>4E4C2D4750373330</AF1C> <!--Terminal Identification-->
    <AF1E>3833323031494343</AF1E> <!--Interface Device (IFD) Serial Number-->
    <AF33>E0F8C8</AF33> <!--Terminal Capabilities-->
    <AF35>22</AF35> <!--Terminal Type-->
    <AF39>05</AF39> <!--Point-of-Service (POS) Entry Mode-->
    <AF3C>0208</AF3C> <!--Transaction Reference Currency Code-->
    <AF3D>00</AF3D> <!--Transaction Reference Currency Exponent-->
    <AF40>F000F0A001</AF40> <!--Additional Terminal Capabilities-->
    <AF4E>61626364</AF4E> <!--Merchant Name and Location，add 0x00 if not enough-->
    <AF66>36C04000</AF66> <!--Terminal Default Transaction Qualifiers-->
    <AF73>000000</AF73> <!--Currency Conversion Factor-->
    <AF7B>000000001388</AF7B> <!--Electronic Cash Terminal Transaction Limit-->
    <DF01>01</DF01> <!--Application Selection Indicator-->
    <DF11>DC4000A800</DF11> <!--TAC Default-->
    <DF12>DC4004F800</DF12> <!--TAC Online-->
    <DF13>0000000000</DF13> <!--TAC Denial-->
    <DF14>9F3704</DF14> <!--Default DDOL-->
    <DF15>000001F4</DF15> <!--Threshold Value BiasedRandom Selection-->
    <DF16>00</DF16> <!--Maximum Target Percentage to be used for Biased Random Selection-->
    <DF17>00</DF17> <!--arget Percentage to be Used for Random Selection-->
    <DF19>000000001388</DF19> <!--Terminal Contactless Offline Floor Limit-->
    <DF20>999999999999</DF20> <!--Terminal Contactless Transaction Limit-->
    <DF21>000000000000</DF21> <!--Terminal Execute Cvm Limit-->
    <DF72>F4F0F0FAAFEE8000</DF72> <!--ICS-->
    <DF73>01</DF73> <!--Status-->
    <DF74>0F</DF74> <!--Identity Of Each Limit Exist-->
    <DF75>01</DF75> <!--Terminal Status Check，Default value = 0-->
    <DF76>9F1A0295059A039C01</DF76> <!--Default Tdol-->    
    <DF78>000000000000</DF78> <!--ContactlessTerminal Execute Cvm Limit-->
    <DF79>E0F8C8</DF79> <!--ContactlessTerminal Capabilities-->
    <DF7A>F000F0A001</DF7A> <!--ContactlessAdditionalTerminal Capabilities-->
  </app>

  <app>
    <AF06>A0000000032010</AF06> <!--Application Identifier(AID)–terminal-->
    <AF2A>0208</AF2A> <!--Transaction Currency Code-->
    <AF36>00</AF36> <!--Transaction Currency Exponent-->
    <AF01>001234567890</AF01> <!--Acquirer Identifier-->
    <AF09>0096</AF09> <!--Application Version Number-->
    <AF15>1234</AF15> <!--Merchant Category Code-->
    <AF16>4243544553543132333435363738</AF16> <!--Merchant Identifier，add 0x00 if the digits is not enough-->
    <AF1A>0208</AF1A> <!--Terminal Country Code-->
    <AF1B>00000000</AF1B> <!--Terminal Floor Limit-->
    <AF1C>4E4C2D4750373330</AF1C> <!--Terminal Identification-->
    <AF1E>3833323031494343</AF1E> <!--Interface Device (IFD) Serial Number-->
    <AF33>E0F8C8</AF33> <!--Terminal Capabilities-->
    <AF35>22</AF35> <!--Terminal Type-->
    <AF39>05</AF39> <!--Point-of-Service (POS) Entry Mode-->
    <AF3C>0208</AF3C> <!--Transaction Reference Currency Code-->
    <AF3D>00</AF3D> <!--Transaction Reference Currency Exponent-->
    <AF40>F000F0A001</AF40> <!--AdditionalTerminal Capabilities-->
    <AF4E>61626364</AF4E> <!--Merchant Name and Location，add 0x00 if not enough-->
    <AF66>36C04000</AF66> <!--Terminal Default Transaction Qualifiers-->
    <AF73>000000</AF73> <!--Currency Conversion Factor-->
    <AF7B>000000001388</AF7B> <!--Electronic Cash Terminal Transaction Limit-->
    <DF01>01</DF01> <!--Application Selection Indicator-->
    <DF11>DC4000A800</DF11> <!--TAC Default-->
    <DF12>DC4004F800</DF12> <!--TAC Online-->
    <DF13>0000000000</DF13> <!--TAC Denial-->
    <DF14>9F3704</DF14> <!--Default DDOL-->
    <DF15>000001F4</DF15> <!--Threshold Value BiasedRandom Selection-->
    <DF16>00</DF16> <!--Maximum Target Percentage to be used for Biased Random Selection-->
    <DF17>00</DF17> <!--arget Percentage to be Used for Random Selection-->
    <DF19>000000001388</DF19> <!--Terminal Contactless Offline Floor Limit-->
    <DF20>999999999999</DF20> <!--Terminal Contactless Transaction Limit-->
    <DF21>000000000000</DF21> <!--Terminal Execute Cvm Limit-->
    <DF72>F4F0F0FAAFFE8000</DF72> <!--ICS-->
    <DF73>01</DF73> <!--Status-->
    <DF74>0F</DF74> <!--Identity Of Each Limit Exist-->
    <DF75>01</DF75> <!--Terminal Status Check，Default value = 0-->
    <DF76>9F1A0295059A039C01</DF76> <!--Default Tdol-->
    <DF78>000000000000</DF78> <!--ContactlessTerminal Execute Cvm Limit-->
    <DF79>E0F8C8</DF79> <!--ContactlessTerminal Capabilities-->
    <DF7A>F000F0A001</DF7A> <!--ContactlessAdditionalTerminal Capabilities-->
  </app>

  <app>
    <AF06>A0000000033010</AF06> <!--Application Identifier(AID)–terminal-->
    <AF2A>0208</AF2A> <!--Transaction Currency Code-->
    <AF36>00</AF36> <!--Transaction Currency Exponent-->
    <AF01>001234567890</AF01> <!--Acquirer Identifier-->
    <AF09>0096</AF09> <!--Application Version Number-->
    <AF15>1234</AF15> <!--Merchant Category Code-->
    <AF16>4243544553543132333435363738</AF16> <!--Merchant Identifier，add 0x00 if the digits is not enough-->
    <AF1A>0208</AF1A> <!--Terminal Country Code-->
    <AF1B>00000000</AF1B> <!--Terminal Floor Limit-->
    <AF1C>4E4C2D4750373330</AF1C> <!--Terminal Identification-->
    <AF1E>3833323031494343</AF1E> <!--Interface Device (IFD) Serial Number-->
    <AF33>E0F8C8</AF33> <!--Terminal Capabilities-->
    <AF35>22</AF35> <!--Terminal Type-->
    <AF39>05</AF39> <!--Point-of-Service (POS) Entry Mode-->
    <AF3C>0208</AF3C> <!--Transaction Reference Currency Code-->
    <AF3D>00</AF3D> <!--Transaction Reference Currency Exponent-->
    <AF40>F000F0A001</AF40> <!--AdditionalTerminal Capabilities-->
    <AF4E>61626364</AF4E> <!--Merchant Name and Location，add 0x00 if not enough-->
    <AF66>36C04000</AF66> <!--Terminal Default Transaction Qualifiers-->
    <AF73>000000</AF73> <!--Currency Conversion Factor-->
    <AF7B>000000001388</AF7B> <!--Electronic Cash Terminal Transaction Limit-->
    <DF01>01</DF01> <!--Application Selection Indicator-->
    <DF11>DC4000A800</DF11> <!--TAC Default-->
    <DF12>DC4004F800</DF12> <!--TAC Online-->
    <DF13>0000000000</DF13> <!--TAC Denial-->
    <DF14>9F3704</DF14> <!--Default DDOL-->
    <DF15>000001F4</DF15> <!--Threshold Value BiasedRandom Selection-->
    <DF16>00</DF16> <!--Maximum Target Percentage to be used for Biased Random Selection-->
    <DF17>00</DF17> <!--arget Percentage to be Used for Random Selection-->
    <DF19>000000001388</DF19> <!--Terminal Contactless Offline Floor Limit-->
    <DF20>999999999999</DF20> <!--Terminal Contactless Transaction Limit-->
    <DF21>000000000000</DF21> <!--Terminal Execute Cvm Limit-->
    <DF72>F4F0F0FAAFFE8000</DF72> <!--ICS-->
    <DF73>01</DF73> <!--Status-->
    <DF74>0F</DF74> <!--Identity Of Each Limit Exist-->
    <DF75>01</DF75> <!--Terminal Status Check，Default value = 0-->
    <DF76>9F1A0295059A039C01</DF76> <!--Default Tdol-->
    <DF78>000000000000</DF78> <!--ContactlessTerminal Execute Cvm Limit-->
    <DF79>E0F8C8</DF79> <!--ContactlessTerminal Capabilities-->
    <DF7A>F000F0A001</DF7A> <!--ContactlessAdditionalTerminal Capabilities-->
  </app>

  <app>
    <AF06>A0000000041010</AF06> <!--Application Identifier(AID)–terminal-->
    <AF2A>0208</AF2A> <!--Transaction Currency Code-->
    <AF36>00</AF36> <!--Transaction Currency Exponent-->
    <AF01>001234567890</AF01> <!--Acquirer Identifier-->
    <AF09>0096</AF09> <!--Application Version Number-->
    <AF15>1234</AF15> <!--Merchant Category Code-->
    <AF16>4243544553543132333435363738</AF16> <!--Merchant Identifier，add 0x00 if the digits is not enough-->
    <AF1A>0208</AF1A> <!--Terminal Country Code-->
    <AF1B>00000000</AF1B> <!--Terminal Floor Limit-->
    <AF1C>4E4C2D4750373330</AF1C> <!--Terminal Identification-->
    <AF1E>3833323031494343</AF1E> <!--Interface Device (IFD) Serial Number-->
    <AF33>E0F8C8</AF33> <!--Terminal Capabilities-->
    <AF35>22</AF35> <!--Terminal Type-->
    <AF39>05</AF39> <!--Point-of-Service (POS) Entry Mode-->
    <AF3C>0208</AF3C> <!--Transaction Reference Currency Code-->
    <AF3D>00</AF3D> <!--Transaction Reference Currency Exponent-->
    <AF40>F000F0A001</AF40> <!--AdditionalTerminal Capabilities-->
    <AF4E>61626364</AF4E> <!--Merchant Name and Location，add 0x00 if not enough-->
    <AF66>36C04000</AF66> <!--Terminal Default Transaction Qualifiers-->
    <AF73>000000</AF73> <!--Currency Conversion Factor-->
    <AF7B>000000001388</AF7B> <!--Electronic Cash Terminal Transaction Limit-->
    <DF01>01</DF01> <!--Application Selection Indicator-->
    <DF11>DC4000A800</DF11> <!--TAC Default-->
    <DF12>DC4004F800</DF12> <!--TAC Online-->
    <DF13>0000000000</DF13> <!--TAC Denial-->
    <DF14>9F3704</DF14> <!--Default DDOL-->
    <DF15>000001F4</DF15> <!--Threshold Value BiasedRandom Selection-->
    <DF16>00</DF16> <!--Maximum Target Percentage to be used for Biased Random Selection-->
    <DF17>00</DF17> <!--arget Percentage to be Used for Random Selection-->
    <DF19>000000001388</DF19> <!--Terminal Contactless Offline Floor Limit-->
    <DF20>999999999999</DF20> <!--Terminal Contactless Transaction Limit-->
    <DF21>000000000000</DF21> <!--Terminal Execute Cvm Limit-->
    <DF72>F4F0F0FAAFFE8000</DF72> <!--ICS-->
    <DF73>01</DF73> <!--Status-->
    <DF74>0F</DF74> <!--Identity Of Each Limit Exist-->
    <DF75>01</DF75> <!--Terminal Status Check，Default value = 0-->
    <DF76>9F1A0295059A039C01</DF76> <!--Default Tdol-->
    <DF78>000000000000</DF78> <!--ContactlessTerminal Execute Cvm Limit-->
    <DF79>E0F8C8</DF79> <!--ContactlessTerminal Capabilities-->
    <DF7A>F000F0A001</DF7A> <!--ContactlessAdditionalTerminal Capabilities-->
  </app>

  <app>
    <AF06>A0000000042203</AF06> <!--Application Identifier(AID)–terminal-->
    <AF2A>0208</AF2A> <!--Transaction Currency Code-->
    <AF36>00</AF36> <!--Transaction Currency Exponent-->
    <AF01>001234567890</AF01> <!--Acquirer Identifier-->
    <AF09>0096</AF09> <!--Application Version Number-->
    <AF15>1234</AF15> <!--Merchant Category Code-->
    <AF16>4243544553543132333435363738</AF16> <!--Merchant Identifier，add 0x00 if the digits is not enough-->
    <AF1A>0208</AF1A> <!--Terminal Country Code-->
    <AF1B>00000000</AF1B> <!--Terminal Floor Limit-->
    <AF1C>4E4C2D4750373330</AF1C> <!--Terminal Identification-->
    <AF1E>3833323031494343</AF1E> <!--Interface Device (IFD) Serial Number-->
    <AF33>E0F8C8</AF33> <!--Terminal Capabilities-->
    <AF35>22</AF35> <!--Terminal Type-->
    <AF39>05</AF39> <!--Point-of-Service (POS) Entry Mode-->
    <AF3C>0208</AF3C> <!--Transaction Reference Currency Code-->
    <AF3D>00</AF3D> <!--Transaction Reference Currency Exponent-->
    <AF40>F000F0A001</AF40> <!--AdditionalTerminal Capabilities-->
    <AF4E>61626364</AF4E> <!--Merchant Name and Location，add 0x00 if not enough-->
    <AF66>36C04000</AF66> <!--Terminal Default Transaction Qualifiers-->
    <AF73>000000</AF73> <!--Currency Conversion Factor-->
    <AF7B>000000001388</AF7B> <!--Electronic Cash Terminal Transaction Limit-->
    <DF01>01</DF01> <!--Application Selection Indicator-->
    <DF11>DC4000A800</DF11> <!--TAC Default-->
    <DF12>DC4004F800</DF12> <!--TAC Online-->
    <DF13>0000000000</DF13> <!--TAC Denial-->
    <DF14>AF3704</DF14> <!--Default DDOL-->
    <DF15>000001F4</DF15> <!--Threshold Value BiasedRandom Selection-->
    <DF16>00</DF16> <!--Maximum Target Percentage to be used for Biased Random Selection-->
    <DF17>00</DF17> <!--arget Percentage to be Used for Random Selection-->
    <DF19>000000001388</DF19> <!--Terminal Contactless Offline Floor Limit-->
    <DF20>999999999999</DF20> <!--Terminal Contactless Transaction Limit-->
    <DF21>000000000000</DF21> <!--Terminal Execute Cvm Limit-->
    <DF72>F4F0F0FAAFFE8000</DF72> <!--ICS-->
    <DF73>01</DF73> <!--Status-->
    <DF74>0F</DF74> <!--Identity Of Each Limit Exist-->
    <DF75>01</DF75> <!--Terminal Status Check，Default value = 0-->
    <DF76>9F1A0295059A039C01</DF76> <!--Default Tdol-->
    <DF78>000000000000</DF78> <!--ContactlessTerminal Execute Cvm Limit-->
    <DF79>E0F8C8</DF79> <!--ContactlessTerminal Capabilities-->
    <DF7A>F000F0A001</DF7A> <!--ContactlessAdditionalTerminal Capabilities-->
  </app>

  <app>
    <AF06>A0000000043060</AF06> <!--Application Identifier(AID)–terminal-->
    <AF2A>0208</AF2A> <!--Transaction Currency Code-->
    <AF36>00</AF36> <!--Transaction Currency Exponent-->
    <AF01>001234567890</AF01> <!--Acquirer Identifier-->
    <AF09>0096</AF09> <!--Application Version Number-->
    <AF15>1234</AF15> <!--Merchant Category Code-->
    <AF16>4243544553543132333435363738</AF16> <!--Merchant Identifier，add 0x00 if the digits is not enough-->
    <AF1A>0208</AF1A> <!--Terminal Country Code-->
    <AF1B>00000000</AF1B> <!--Terminal Floor Limit-->
    <AF1C>4E4C2D4750373330</AF1C> <!--Terminal Identification-->
    <AF1E>3833323031494343</AF1E> <!--Interface Device (IFD) Serial Number-->
    <AF33>E0F8C8</AF33> <!--Terminal Capabilities-->
    <AF35>22</AF35> <!--Terminal Type-->
    <AF39>05</AF39> <!--Point-of-Service (POS) Entry Mode-->
    <AF3C>0208</AF3C> <!--Transaction Reference Currency Code-->
    <AF3D>00</AF3D> <!--Transaction Reference Currency Exponent-->
    <AF40>F000F0A001</AF40> <!--AdditionalTerminal Capabilities-->
    <AF4E>61626364</AF4E> <!--Merchant Name and Location，add 0x00 if not enough-->
    <AF66>36C04000</AF66> <!--Terminal Default Transaction Qualifiers-->
    <AF73>000000</AF73> <!--Currency Conversion Factor-->
    <AF7B>000000001388</AF7B> <!--Electronic Cash Terminal Transaction Limit-->
    <DF01>01</DF01> <!--Application Selection Indicator-->
    <DF11>DC4000A800</DF11> <!--TAC Default-->
    <DF12>DC4004F800</DF12> <!--TAC Online-->
    <DF13>0000000000</DF13> <!--TAC Denial-->
    <DF14>9F3704</DF14> <!--Default DDOL-->
    <DF15>000001F4</DF15> <!--Threshold Value BiasedRandom Selection-->
    <DF16>00</DF16> <!--Maximum Target Percentage to be used for Biased Random Selection-->
    <DF17>00</DF17> <!--arget Percentage to be Used for Random Selection-->
    <DF19>000000001388</DF19> <!--Terminal Contactless Offline Floor Limit-->
    <DF20>999999999999</DF20> <!--Terminal Contactless Transaction Limit-->
    <DF21>000000000000</DF21> <!--Terminal Execute Cvm Limit-->
    <DF72>F4F0F0FAAFFE8000</DF72> <!--ICS-->
    <DF73>01</DF73> <!--Status-->
    <DF74>0F</DF74> <!--Identity Of Each Limit Exist-->
    <DF75>01</DF75> <!--Terminal Status Check，Default value = 0-->
    <DF76>9F1A0295059A039C01</DF76> <!--Default Tdol-->    
    <DF78>000000000000</DF78> <!--ContactlessTerminal Execute Cvm Limit-->
    <DF79>E0F8C8</DF79> <!--ContactlessTerminal Capabilities-->
    <DF7A>F000F0A001</DF7A> <!--ContactlessAdditionalTerminal Capabilities-->
  </app>

  <app>
    <AF06>A00000002501</AF06> <!--Application Identifier(AID)–terminal-->
    <AF2A>0208</AF2A> <!--Transaction Currency Code-->
    <AF36>00</AF36> <!--Transaction Currency Exponent-->
    <AF01>001234567890</AF01> <!--Acquirer Identifier-->
    <AF09>0096</AF09> <!--Application Version Number-->
    <AF15>1234</AF15> <!--Merchant Category Code-->
    <AF16>4243544553543132333435363738</AF16> <!--Merchant Identifier，add 0x00 if the digits is not enough-->
    <AF1A>0208</AF1A> <!--Terminal Country Code-->
    <AF1B>00000000</AF1B> <!--Terminal Floor Limit-->
    <AF1C>4E4C2D4750373330</AF1C> <!--Terminal Identification-->
    <AF1E>3833323031494343</AF1E> <!--Interface Device (IFD) Serial Number-->
    <AF33>E0F8C8</AF33> <!--Terminal Capabilities-->
    <AF35>22</AF35> <!--Terminal Type-->
    <AF39>05</AF39> <!--Point-of-Service (POS) Entry Mode-->
    <AF3C>0208</AF3C> <!--Transaction Reference Currency Code-->
    <AF3D>00</AF3D> <!--Transaction Reference Currency Exponent-->
    <AF40>F000F0A001</AF40> <!--AdditionalTerminal Capabilities-->
    <AF4E>61626364</AF4E> <!--Merchant Name and Location，add 0x00 if not enough-->
    <AF66>36C04000</AF66> <!--Terminal Default Transaction Qualifiers-->
    <AF73>000000</AF73> <!--Currency Conversion Factor-->
    <AF7B>000000001388</AF7B> <!--Electronic Cash Terminal Transaction Limit-->
    <DF01>01</DF01> <!--Application Selection Indicator-->
    <DF11>DC4000A800</DF11> <!--TAC Default-->
    <DF12>DC4004F800</DF12> <!--TAC Online-->
    <DF13>0000000000</DF13> <!--TAC Denial-->
    <DF14>9F3704</DF14> <!--Default DDOL-->
    <DF15>000001F4</DF15> <!--Threshold Value BiasedRandom Selection-->
    <DF16>00</DF16> <!--Maximum Target Percentage to be used for Biased Random Selection-->
    <DF17>00</DF17> <!--Target Percentage to be Used for Random Selection-->
    <DF19>000000001388</DF19> <!--Terminal Contactless Offline Floor Limit-->
    <DF20>999999999999</DF20> <!--Terminal Contactless Transaction Limit-->
    <DF21>000000000000</DF21> <!--Terminal Execute Cvm Limit-->
    <DF72>F4F0F0FAAFFE8000</DF72> <!--ICS-->
    <DF73>01</DF73> <!--Status-->
    <DF74>0F</DF74> <!--Identity Of Each Limit Exist-->
    <DF75>01</DF75> <!--Terminal Status Check，Default value = 0-->
    <DF76>9F1A0295059A039C01</DF76> <!--Default Tdol-->
    <DF78>000000000000</DF78> <!--ContactlessTerminal Execute Cvm Limit-->
    <DF79>E0F8C8</DF79> <!--ContactlessTerminal Capabilities-->
    <DF7A>F000F0A001</DF7A> <!--ContactlessAdditionalTerminal Capabilities-->
  </app>

  <app>
    <AF06>A0000005241010</AF06> <!--Application Identifier(AID)–terminal-->
    <AF2A>0208</AF2A> <!--Transaction Currency Code-->
    <AF36>00</AF36> <!--Transaction Currency Exponent-->
    <AF01>001234567890</AF01> <!--Acquirer Identifier-->
    <AF09>0096</AF09> <!--Application Version Number-->
    <AF15>1234</AF15> <!--Merchant Category Code-->
    <AF16>4243544553543132333435363738</AF16> <!--Merchant Identifier，add 0x00 if the digits is not enough-->
    <AF1A>0208</AF1A> <!--Terminal Country Code-->
    <AF1B>00000000</AF1B> <!--Terminal Floor Limit-->
    <AF1C>4E4C2D4750373330</AF1C> <!--Terminal Identification-->
    <AF1E>3833323031494343</AF1E> <!--Interface Device (IFD) Serial Number-->
    <AF33>E0F8C8</AF33> <!--Terminal Capabilities-->
    <AF35>22</AF35> <!--Terminal Type-->
    <AF39>05</AF39> <!--Point-of-Service (POS) Entry Mode-->
    <AF3C>0208</AF3C> <!--Transaction Reference Currency Code-->
    <AF3D>00</AF3D> <!--Transaction Reference Currency Exponent-->
    <AF40>F000F0A001</AF40> <!--AdditionalTerminal Capabilities-->
    <AF4E>61626364</AF4E> <!--Merchant Name and Location，add 0x00 if not enough-->
    <AF66>36C04000</AF66> <!--Terminal Default Transaction Qualifiers-->
    <AF73>000000</AF73> <!--Currency Conversion Factor-->
    <AF7B>000000001388</AF7B> <!--Electronic Cash Terminal Transaction Limit-->
    <DF01>01</DF01> <!--Application Selection Indicator-->
    <DF11>DC4000A800</DF11> <!--TAC Default-->
    <DF12>DC4004F800</DF12> <!--TAC Online-->
    <DF13>0000000000</DF13> <!--TAC Denial-->
    <DF14>9F3704</DF14> <!--Default DDOL-->
    <DF15>000001F4</DF15> <!--Threshold Value BiasedRandom Selection-->
    <DF16>00</DF16> <!--Maximum Target Percentage to be used for Biased Random Selection-->
    <DF17>00</DF17> <!--arget Percentage to be Used for Random Selection-->
    <DF19>000000001388</DF19> <!--Terminal Contactless Offline Floor Limit-->
    <DF20>999999999999</DF20> <!--Terminal Contactless Transaction Limit-->
    <DF21>000000000000</DF21> <!--Terminal Execute Cvm Limit-->
    <DF72>F4F0F0FAAFFE8000</DF72> <!--ICS-->
    <DF73>01</DF73> <!--Status-->
    <DF74>0F</DF74> <!--Identity Of Each Limit Exist-->
    <DF75>01</DF75> <!--Terminal Status Check，Default value = 0-->
    <DF76>9F1A0295059A039C01</DF76> <!--Default Tdol-->
    <DF78>000000000000</DF78> <!--ContactlessTerminal Execute Cvm Limit-->
    <DF79>E0F8C8</DF79> <!--ContactlessTerminal Capabilities-->
    <DF7A>F000F0A001</DF7A> <!--ContactlessAdditionalTerminal Capabilities-->
  </app>

  <app>
    <AF06>A0000000651010</AF06> <!--Application Identifier(AID)–terminal-->
    <AF2A>0208</AF2A> <!--Transaction Currency Code-->
    <AF36>00</AF36> <!--Transaction Currency Exponent-->
    <AF01>001234567890</AF01> <!--Acquirer Identifier-->
    <AF09>0096</AF09> <!--Application Version Number-->
    <AF15>1234</AF15> <!--Merchant Category Code-->
    <AF16>4243544553543132333435363738</AF16> <!--Merchant Identifier，add 0x00 if the digits is not enough-->
    <AF1A>0208</AF1A> <!--Terminal Country Code-->
    <AF1B>00000000</AF1B> <!--Terminal Floor Limit-->
    <AF1C>4E4C2D4750373330</AF1C> <!--Terminal Identification-->
    <AF1E>3833323031494343</AF1E> <!--Interface Device (IFD) Serial Number-->
    <AF33>E0F8C8</AF33> <!--Terminal Capabilities-->
    <AF35>22</AF35> <!--Terminal Type-->
    <AF39>05</AF39> <!--Point-of-Service (POS) Entry Mode-->
    <AF3C>0208</AF3C> <!--Transaction Reference Currency Code-->
    <AF3D>00</AF3D> <!--Transaction Reference Currency Exponent-->
    <AF40>F000F0A001</AF40> <!--AdditionalTerminal Capabilities-->
    <AF4E>61626364</AF4E> <!--Merchant Name and Location，add 0x00 if not enough-->
    <AF66>36C04000</AF66> <!--Terminal Default Transaction Qualifiers-->
    <AF73>000000</AF73> <!--Currency Conversion Factor-->
    <AF7B>000000001388</AF7B> <!--Electronic Cash Terminal Transaction Limit-->
    <DF01>01</DF01> <!--Application Selection Indicator-->
    <DF11>DC4000A800</DF11> <!--TAC Default-->
    <DF12>DC4004F800</DF12> <!--TAC Online-->
    <DF13>0000000000</DF13> <!--TAC Denial-->
    <DF14>9F3704</DF14> <!--Default DDOL-->
    <DF15>000001F4</DF15> <!--Threshold Value BiasedRandom Selection-->
    <DF16>00</DF16> <!--Maximum Target Percentage to be used for Biased Random Selection-->
    <DF17>00</DF17> <!--arget Percentage to be Used for Random Selection-->
    <DF19>000000001388</DF19> <!--Terminal Contactless Offline Floor Limit-->
    <DF20>999999999999</DF20> <!--Terminal Contactless Transaction Limit-->
    <DF21>000000000000</DF21> <!--Terminal Execute Cvm Limit-->
    <DF72>F4F0F0FAAFFE8000</DF72> <!--ICS-->
    <DF73>01</DF73> <!--Status-->
    <DF74>0F</DF74> <!--Identity Of Each Limit Exist-->
    <DF75>01</DF75> <!--Terminal Status Check，Default value = 0-->
    <DF76>9F1A0295059A039C01</DF76> <!--Default Tdol-->
    <DF78>000000000000</DF78> <!--ContactlessTerminal Execute Cvm Limit-->
    <DF79>E0F8C8</DF79> <!--ContactlessTerminal Capabilities-->
    <DF7A>F000F0A001</DF7A> <!--ContactlessAdditionalTerminal Capabilities-->
  </app>

  <app>
    <AF06>A0000001523010</AF06> <!--Application Identifier(AID)–terminal-->
    <AF2A>0208</AF2A> <!--Transaction Currency Code-->
    <AF36>00</AF36> <!--Transaction Currency Exponent-->
    <AF01>001234567890</AF01> <!--Acquirer Identifier-->
    <AF09>0096</AF09> <!--Application Version Number-->
    <AF15>1234</AF15> <!--Merchant Category Code-->
    <AF16>4243544553543132333435363738</AF16> <!--Merchant Identifier，add 0x00 if the digits is not enough-->
    <AF1A>0208</AF1A> <!--Terminal Country Code-->
    <AF1B>00000000</AF1B> <!--Terminal Floor Limit-->
    <AF1C>4E4C2D4750373330</AF1C> <!--Terminal Identification-->
    <AF1E>3833323031494343</AF1E> <!--Interface Device (IFD) Serial Number-->
    <AF33>E0F8C8</AF33> <!--Terminal Capabilities-->
    <AF35>22</AF35> <!--Terminal Type-->
    <AF39>05</AF39> <!--Point-of-Service (POS) Entry Mode-->
    <AF3C>0208</AF3C> <!--Transaction Reference Currency Code-->
    <AF3D>00</AF3D> <!--Transaction Reference Currency Exponent-->
    <AF40>F000F0A001</AF40> <!--AdditionalTerminal Capabilities-->
    <AF4E>61626364</AF4E> <!--Merchant Name and Location，add 0x00 if not enough-->
    <AF66>36C04000</AF66> <!--Terminal Default Transaction Qualifiers-->
    <AF73>000000</AF73> <!--Currency Conversion Factor-->
    <AF7B>000000001388</AF7B> <!--Electronic Cash Terminal Transaction Limit-->
    <DF01>01</DF01> <!--Application Selection Indicator-->
    <DF11>DC4000A800</DF11> <!--TAC Default-->
    <DF12>DC4004F800</DF12> <!--TAC Online-->
    <DF13>0000000000</DF13> <!--TAC Denial-->
    <DF14>9F3704</DF14> <!--Default DDOL-->
    <DF15>000001F4</DF15> <!--Threshold Value BiasedRandom Selection-->
    <DF16>00</DF16> <!--Maximum Target Percentage to be used for Biased Random Selection-->
    <DF17>00</DF17> <!--arget Percentage to be Used for Random Selection-->
    <DF19>000000001388</DF19> <!--Terminal Contactless Offline Floor Limit-->
    <DF20>999999999999</DF20> <!--Terminal Contactless Transaction Limit-->
    <DF21>000000000000</DF21> <!--Terminal Execute Cvm Limit-->
    <DF72>F4F0F0FAAFFE8000</DF72> <!--ICS-->
    <DF73>01</DF73> <!--Status-->
    <DF74>0F</DF74> <!--Identity Of Each Limit Exist-->
    <DF75>01</DF75> <!--Terminal Status Check，Default value = 0-->
    <DF76>9F1A0295059A039C01</DF76> <!--Default Tdol-->
    <DF78>000000000000</DF78> <!--ContactlessTerminal Execute Cvm Limit-->
    <DF79>E0F8C8</DF79> <!--ContactlessTerminal Capabilities-->
    <DF7A>F000F0A001</DF7A> <!--ContactlessAdditionalTerminal Capabilities-->
  </app>

  <app>
    <AF06>A0000003330101</AF06> <!--Application Identifier(AID)–terminal-->
    <AF2A>0208</AF2A> <!--Transaction Currency Code-->
    <AF36>00</AF36> <!--Transaction Currency Exponent-->
    <AF01>001234567890</AF01> <!--Acquirer Identifier-->
    <AF09>0096</AF09> <!--Application Version Number-->
    <AF15>1234</AF15> <!--Merchant Category Code-->
    <AF16>4243544553543132333435363738</AF16> <!--Merchant Identifier，add 0x00 if the digits is not enough-->
    <AF1A>0208</AF1A> <!--Terminal Country Code-->
    <AF1B>00000000</AF1B> <!--Terminal Floor Limit-->
    <AF1C>4E4C2D4750373330</AF1C> <!--Terminal Identification-->
    <AF1E>3833323031494343</AF1E> <!--Interface Device (IFD) Serial Number-->
    <AF33>E0F8C8</AF33> <!--Terminal Capabilities-->
    <AF35>21</AF35> <!--Terminal Type-->
    <AF39>05</AF39> <!--Point-of-Service (POS) Entry Mode-->
    <AF3C>0208</AF3C> <!--Transaction Reference Currency Code-->
    <AF3D>00</AF3D> <!--Transaction Reference Currency Exponent-->
    <AF40>F000F0A001</AF40> <!--AdditionalTerminal Capabilities-->
    <AF4E>61626364</AF4E> <!--Merchant Name and Location，add 0x00 if not enough-->
    <AF66>36C04000</AF66> <!--Terminal Default Transaction Qualifiers-->
    <AF73>000000</AF73> <!--Currency Conversion Factor-->
    <AF7B>000000001388</AF7B> <!--Electronic Cash Terminal Transaction Limit-->
    <DF01>01</DF01> <!--Application Selection Indicator-->
    <DF11>DC4000A800</DF11> <!--TAC Default-->
    <DF12>DC4004F800</DF12> <!--TAC Online-->
    <DF13>0000000000</DF13> <!--TAC Denial-->
    <DF14>9F3704</DF14> <!--Default DDOL-->
    <DF15>000001F4</DF15> <!--Threshold Value BiasedRandom Selection-->
    <DF16>00</DF16> <!--Maximum Target Percentage to be used for Biased Random Selection-->
    <DF17>00</DF17> <!--arget Percentage to be Used for Random Selection-->
    <DF19>000000001388</DF19> <!--Terminal Contactless Offline Floor Limit-->
    <DF20>999999999999</DF20> <!--Terminal Contactless Transaction Limit-->
    <DF21>000000000000</DF21> <!--Terminal Execute Cvm Limit-->
    <DF72>F4F0F0FAAFFE8000</DF72> <!--ICS-->
    <DF73>01</DF73> <!--Status-->
    <DF74>0F</DF74> <!--Identity Of Each Limit Exist-->
    <DF75>01</DF75> <!--Terminal Status Check，Default value = 0-->
    <DF76>9F1A0295059A039C01</DF76> <!--Default Tdol-->
    <DF78>000000000000</DF78> <!--ContactlessTerminal Execute Cvm Limit-->
    <DF79>E0F8C8</DF79> <!--ContactlessTerminal Capabilities-->
    <DF7A>F000F0A001</DF7A> <!--ContactlessAdditionalTerminal Capabilities-->
  </app>

  <app>
    <AF06>A000000724</AF06> <!--Application Identifier(AID)–terminal-->
    <AF2A>0208</AF2A> <!--Transaction Currency Code-->
    <AF36>00</AF36> <!--Transaction Currency Exponent-->
    <AF01>001234567890</AF01> <!--Acquirer Identifier-->
    <AF09>0096</AF09> <!--Application Version Number-->
    <AF15>1234</AF15> <!--Merchant Category Code-->
    <AF16>4243544553543132333435363738</AF16> <!--Merchant Identifier，add 0x00 if the digits is not enough-->
    <AF1A>0208</AF1A> <!--Terminal Country Code-->
    <AF1B>00000000</AF1B> <!--Terminal Floor Limit-->
    <AF1C>4E4C2D4750373330</AF1C> <!--Terminal Identification-->
    <AF1E>3833323031494343</AF1E> <!--Interface Device (IFD) Serial Number-->
    <AF33>E0F8C8</AF33> <!--Terminal Capabilities-->
    <AF35>21</AF35> <!--Terminal Type-->
    <AF39>05</AF39> <!--Point-of-Service (POS) Entry Mode-->
    <AF3C>0208</AF3C> <!--Transaction Reference Currency Code-->
    <AF3D>00</AF3D> <!--Transaction Reference Currency Exponent-->
    <AF40>F000F0A001</AF40> <!--AdditionalTerminal Capabilities-->
    <AF4E>61626364</AF4E> <!--Merchant Name and Location，add 0x00 if not enough-->
    <AF66>36C04000</AF66> <!--Terminal Default Transaction Qualifiers-->
    <AF73>000000</AF73> <!--Currency Conversion Factor-->
    <AF7B>000000001388</AF7B> <!--Electronic Cash Terminal Transaction Limit-->
    <DF01>01</DF01> <!--Application Selection Indicator-->
    <DF11>DC4000A800</DF11> <!--TAC Default-->
    <DF12>DC4004F800</DF12> <!--TAC Online-->
    <DF13>0000000000</DF13> <!--TAC Denial-->
    <DF14>9F3704</DF14> <!--Default DDOL-->
    <DF15>000001F4</DF15> <!--Threshold Value BiasedRandom Selection-->
    <DF16>00</DF16> <!--Maximum Target Percentage to be used for Biased Random Selection-->
    <DF17>00</DF17> <!--arget Percentage to be Used for Random Selection-->
    <DF19>000000001388</DF19> <!--Terminal Contactless Offline Floor Limit-->
    <DF20>999999999999</DF20> <!--Terminal Contactless Transaction Limit-->
    <DF21>000000000000</DF21> <!--Terminal Execute Cvm Limit-->
    <DF72>F4F0F0FAAFFE8000</DF72> <!--ICS-->
    <DF73>01</DF73> <!--Status-->
    <DF74>0F</DF74> <!--Identity Of Each Limit Exist-->
    <DF75>01</DF75> <!--Terminal Status Check，Default value = 0-->
    <DF76>9F1A0295059A039C01</DF76> <!--Default Tdol-->
    <DF78>000000000000</DF78> <!--ContactlessTerminal Execute Cvm Limit-->
    <DF79>E0F8C8</DF79> <!--ContactlessTerminal Capabilities-->
    <DF7A>F000F0A001</DF7A> <!--ContactlessAdditionalTerminal Capabilities-->
  </app>

</Document>

